Groupe de spécialité;Spécialité
Anesthésie;Anesthésie
Anesthésie;Soins intensifs
Oncologie clinique;Oncologie clinique
Groupe dentaire;Spécialités dentaires supplémentaires
Groupe dentaire;Radiologie dentaire et maxillo-faciale
Groupe dentaire;Endodontie
Groupe dentaire;Chirurgie buccale et maxillo-faciale
Groupe dentaire;Pathologie buccale et maxillo-faciale
Groupe dentaire;Médecine buccale
Groupe dentaire;Chirurgie buccale
Groupe dentaire;Orthodontie
Groupe dentaire;Dentisterie pédiatrique
Groupe dentaire;Parodontie
Groupe dentaire;Prosthodontie
Groupe dentaire;Dentisterie restauratrice
Groupe dentaire;Dentisterie de soins spéciaux
Médecine d'urgence;Médecine d'urgence
Groupe de médecine générale;Médecine interne de soins aigus
Groupe de médecine générale;Allergie
Groupe de médecine générale;Médecine audiovestibulaire
Groupe de médecine générale;Cardiologie
Groupe de médecine générale;Génétique clinique
Groupe de médecine générale;Neurophysiologie clinique
Groupe de médecine générale;Pharmacologie clinique et thérapeutique
Groupe de médecine générale;Dermatologie
Groupe de médecine générale;Endocrinologie et diabète sucré
Groupe de médecine générale;Gastroentérologie
Groupe de médecine générale;Médecine générale (interne)
Groupe de médecine générale;Médecine générale
Groupe de médecine générale;Médecine générale (GP) 6 mois
Groupe de médecine générale;Médecine génito-urinaire
Groupe de médecine générale;Médecine gériatrique
Groupe de médecine générale;Maladies infectieuses
Groupe de médecine générale;Oncologie médicale
Groupe de médecine générale;Ophtalmologie médicale
Groupe de médecine générale;Neurologie
Groupe de médecine générale;Médecine du travail
Groupe de médecine générale;Autre
Groupe de médecine générale;Médecine palliative
Groupe de médecine générale;Médecine de réadaptation
Groupe de médecine générale;Médecine rénale
Groupe de médecine générale;Médecine respiratoire
Groupe de médecine générale;Rhumatologie
Groupe de médecine générale;Médecine du sport et de l'exercice
Obstétrique et gynécologie;Santé publique sexuelle et procréative
Groupe pédiatrique;Cardiologie pédiatrique
Groupe pédiatrique;Pédiatrie
Groupe de pathologie;Pathologie chimique
Groupe de pathologie;Neuropathologie diagnostique
Groupe de pathologie;Histopathologie médico-légale
Groupe de pathologie;Pathologie générale
Groupe de pathologie;Hématologie
Groupe de pathologie;Histopathologie
Groupe de pathologie;Immunologie
Groupe de pathologie;Microbiologie médicale
Groupe de pathologie;Pathologie pédiatrique et périnatale
Groupe de pathologie;Virologie
Groupe Pronostics et gestion de la santé/Santé communautaire;Service de santé communautaire dentaire
Groupe Pronostics et gestion de la santé/Santé communautaire;Service de santé communautaire médicale
Groupe Pronostics et gestion de la santé/Santé communautaire;Santé publique dentaire
Groupe Pronostics et gestion de la santé/Santé communautaire;Pratique de l’art dentaire
Groupe de psychiatrie;Psychiatrie infantile et adolescente
Groupe de psychiatrie;Psychiatrie légale
Groupe de psychiatrie;Psychiatrie générale
Groupe de psychiatrie;Psychiatrie de la vieillesse
Groupe de psychiatrie;Psychiatrie des troubles d'apprentissage
Groupe de psychiatrie;Psychothérapie
Groupe de radiologie;Radiologie clinique
Groupe de radiologie;Médecine nucléaire
Groupe chirurgical;Chirurgie cardiothoracique
Groupe chirurgical;Chirurgie générale
Groupe chirurgical;Neurochirurgie
Groupe chirurgical;Ophtalmologie
Groupe chirurgical;Otolaryngologie
Groupe chirurgical;Chirurgie pédiatrique
Groupe chirurgical;Chirurgie plastique
Groupe chirurgical;Traumatologie et chirurgie orthopédique
Groupe chirurgical;Urologie
Groupe chirurgical;Chirurgie vasculaire